﻿<?xml version="1.0" encoding="utf-8" ?>
<ALDFInterstRates>
  <ALDFInterstRate>
    <Intrest>24</Intrest>   
  </ALDFInterstRate>
   <ALDFInterstRate>
    <Intrest>23</Intrest>
  </ALDFInterstRate>
  <ALDFInterstRate>
    <Intrest>22</Intrest>
  </ALDFInterstRate>
  <ALDFInterstRate>
    <Intrest>21</Intrest>
  </ALDFInterstRate>
      <ALDFInterstRate>
    <Intrest>20</Intrest>
  </ALDFInterstRate>
      <ALDFInterstRate>
    <Intrest>19</Intrest>
  </ALDFInterstRate>
      <ALDFInterstRate>
    <Intrest>18</Intrest>
  </ALDFInterstRate>
      <ALDFInterstRate>
    <Intrest>17</Intrest>
  </ALDFInterstRate>
      <ALDFInterstRate>
    <Intrest>16</Intrest>
  </ALDFInterstRate>
    <ALDFInterstRate>
    <Intrest>15</Intrest>
  </ALDFInterstRate>
  <ALDFInterstRate>
    <Intrest>14</Intrest>
  </ALDFInterstRate>
      <ALDFInterstRate>
    <Intrest>13</Intrest>
  </ALDFInterstRate>
    <ALDFInterstRate>
    <Intrest>12</Intrest>
  </ALDFInterstRate>
</ALDFInterstRates>