﻿<?xml version="1.0" encoding="utf-8" ?>
<ASLInterstRates>
  <ASLInterstRate>
    <Intrest>24</Intrest>   
  </ASLInterstRate>
   <ASLInterstRate>
    <Intrest>23</Intrest>
  </ASLInterstRate>
  <ASLInterstRate>
    <Intrest>22</Intrest>
  </ASLInterstRate>
  <ASLInterstRate>
    <Intrest>21</Intrest>
  </ASLInterstRate>
      <ASLInterstRate>
    <Intrest>20</Intrest>
  </ASLInterstRate>
      <ASLInterstRate>
    <Intrest>19</Intrest>
  </ASLInterstRate>
      <ASLInterstRate>
    <Intrest>18</Intrest>
  </ASLInterstRate>
      <ASLInterstRate>
    <Intrest>17</Intrest>
  </ASLInterstRate>
      <ASLInterstRate>
    <Intrest>16</Intrest>
  </ASLInterstRate>
    <ASLInterstRate>
    <Intrest>15</Intrest>
  </ASLInterstRate>
  <ASLInterstRate>
    <Intrest>14</Intrest>
  </ASLInterstRate>
      <ASLInterstRate>
    <Intrest>13</Intrest>
  </ASLInterstRate>
    <ASLInterstRate>
    <Intrest>12</Intrest>
  </ASLInterstRate>
</ASLInterstRates>