﻿<?xml version="1.0" encoding="utf-8" ?>
<EMPTenors>

  <EMPTenor>
    <Tenor>3</Tenor>
  </EMPTenor>
  <EMPTenor>
    <Tenor>4</Tenor>
  </EMPTenor>
  <EMPTenor>
    <Tenor>5</Tenor>
  </EMPTenor>
  <EMPTenor>
    <Tenor>6</Tenor>
  </EMPTenor>
  <EMPTenor>
    <Tenor>7</Tenor>
  </EMPTenor>
  <EMPTenor>
    <Tenor>8</Tenor>
  </EMPTenor>
  <EMPTenor>
    <Tenor>9</Tenor>
  </EMPTenor>
  <EMPTenor>
    <Tenor>10</Tenor>
  </EMPTenor>
  <EMPTenor>
    <Tenor>11</Tenor>
  </EMPTenor>
  <EMPTenor>
    <Tenor>12</Tenor>
  </EMPTenor>
  <EMPTenor>
    <Tenor>13</Tenor>
  </EMPTenor>
  <EMPTenor>
    <Tenor>14</Tenor>
  </EMPTenor>
  <EMPTenor>
    <Tenor>15</Tenor>
  </EMPTenor>  
</EMPTenors>