﻿<?xml version="1.0" encoding="utf-8" ?>
<FinalOpinions>
  <FinalOpinion>
    <Value>Title of Opinion</Value>
  </FinalOpinion>
  <FinalOpinion>
    <Value>MODTD Property Details</Value>
  </FinalOpinion>
  <FinalOpinion>
    <Value>EC / Search Report</Value>
  </FinalOpinion>
  <FinalOpinion>
    <Value>Note</Value>
  </FinalOpinion>
  <FinalOpinion>
    <Value>Remarks</Value>
  </FinalOpinion>
  <FinalOpinion>
    <Value>Conclusion</Value>
  </FinalOpinion>
  <FinalOpinion>
    <Value>Property Owner same as Applicant</Value>
  </FinalOpinion>
  <FinalOpinion>
    <Value>Township Field</Value>
  </FinalOpinion>
</FinalOpinions>