﻿<?xml version="1.0" encoding="utf-8" ?>

<GHFInterests>
   <GHFInterest>
    <Interest>9.5</Interest>
  </GHFInterest>
   <GHFInterest>
    <Interest>10</Interest>
  </GHFInterest>
   <GHFInterest>
    <Interest>10.5</Interest>
  </GHFInterest>
   <GHFInterest>
    <Interest>11</Interest>
  </GHFInterest>
   <GHFInterest>
    <Interest>11.5</Interest>
  </GHFInterest>
  <GHFInterest>
    <Interest>12</Interest>
  </GHFInterest>
  <GHFInterest>
    <Interest>12.5</Interest>
  </GHFInterest>
  <GHFInterest>
    <Interest>13</Interest>
  </GHFInterest>
  <GHFInterest>
    <Interest>13.5</Interest>
  </GHFInterest>
  <GHFInterest>
    <Interest>14</Interest>
  </GHFInterest>
  <GHFInterest>
    <Interest>14.5</Interest>
  </GHFInterest>
  <GHFInterest>
    <Interest>15</Interest>
  </GHFInterest>
  <GHFInterest>
    <Interest>15.5</Interest>
  </GHFInterest>
   <GHFInterest>
    <Interest>16</Interest>
  </GHFInterest>
  <GHFInterest>
    <Interest>16.5</Interest>
  </GHFInterest>
  <GHFInterest>
    <Interest>17</Interest>
  </GHFInterest>
  <GHFInterest>
    <Interest>17.5</Interest>
  </GHFInterest>
  <GHFInterest>
    <Interest>18</Interest>
  </GHFInterest>
  <GHFInterest>
    <Interest>18.5</Interest>
  </GHFInterest>
  <GHFInterest>
    <Interest>19</Interest>
  </GHFInterest>
   <GHFInterest>
    <Interest>19.5</Interest>
  </GHFInterest>
  <GHFInterest>
    <Interest>20</Interest>
  </GHFInterest>
   <GHFInterest>
    <Interest>20.5</Interest>
  </GHFInterest>
  <GHFInterest>
    <Interest>21</Interest>
  </GHFInterest>
   <GHFInterest>
    <Interest>21.5</Interest>
  </GHFInterest>
  <GHFInterest>
    <Interest>22</Interest>
  </GHFInterest>
 <GHFInterest>
    <Interest>22.5</Interest>
  </GHFInterest>
 <GHFInterest>
    <Interest>23</Interest>
  </GHFInterest>
 <GHFInterest>
    <Interest>23.5</Interest>
  </GHFInterest>
 <GHFInterest>
    <Interest>24</Interest>
  </GHFInterest>
</GHFInterests>