﻿<?xml version="1.0" encoding="utf-8" ?>
<GHFTenors>

  <GHFTenor>
    <Tenor>3</Tenor>
  </GHFTenor>
  <GHFTenor>
    <Tenor>4</Tenor>
  </GHFTenor>
  <GHFTenor>
    <Tenor>5</Tenor>
  </GHFTenor>
  <GHFTenor>
    <Tenor>6</Tenor>
  </GHFTenor>
  <GHFTenor>
    <Tenor>7</Tenor>
  </GHFTenor>
  <GHFTenor>
    <Tenor>8</Tenor>
  </GHFTenor>
  <GHFTenor>
    <Tenor>9</Tenor>
  </GHFTenor>
  <GHFTenor>
    <Tenor>10</Tenor>
  </GHFTenor>
  <GHFTenor>
    <Tenor>11</Tenor>
  </GHFTenor>

  <GHFTenor>
    <Tenor>12</Tenor>
  </GHFTenor>

  <GHFTenor>
    <Tenor>13</Tenor>
  </GHFTenor>
  <GHFTenor>
    <Tenor>14</Tenor>
  </GHFTenor>
  <GHFTenor>
    <Tenor>15</Tenor>
  </GHFTenor>
   <GHFTenor>
    <Tenor>16</Tenor>
  </GHFTenor>
  <GHFTenor>
    <Tenor>17</Tenor>
  </GHFTenor>
    <GHFTenor>
    <Tenor>18</Tenor>
  </GHFTenor>
    <GHFTenor>
    <Tenor>19</Tenor>
  </GHFTenor>
    <GHFTenor>
    <Tenor>20</Tenor>
  </GHFTenor>

</GHFTenors>