﻿<?xml version="1.0" encoding="utf-8" ?>
<GLPInterests>
  <GLPInterest>
    <Interest>13</Interest>
  </GLPInterest>
  <GLPInterest>
    <Interest>13.5</Interest>
  </GLPInterest>
  <GLPInterest>
    <Interest>14</Interest>
  </GLPInterest>
  <GLPInterest>
    <Interest>14.5</Interest>
  </GLPInterest>
  <GLPInterest>
    <Interest>15</Interest>
  </GLPInterest>
  <GLPInterest>
    <Interest>15.5</Interest>
  </GLPInterest>
  <GLPInterest>
    <Interest>16</Interest>
  </GLPInterest>
  <GLPInterest>
    <Interest>16.5</Interest>
  </GLPInterest>
  <GLPInterest>
    <Interest>17</Interest>
  </GLPInterest>
  <GLPInterest>
    <Interest>17.5</Interest>
  </GLPInterest>
  <GLPInterest>
    <Interest>18</Interest>
  </GLPInterest>
  <GLPInterest>
    <Interest>18.5</Interest>
  </GLPInterest>
  <GLPInterest>
    <Interest>19</Interest>
  </GLPInterest>
  <GLPInterest>
    <Interest>19.5</Interest>
  </GLPInterest>
  <GLPInterest>
    <Interest>20</Interest>
  </GLPInterest>
  <GLPInterest>
    <Interest>20.5</Interest>
  </GLPInterest>
  <GLPInterest>
    <Interest>21</Interest>
  </GLPInterest>
  <GLPInterest>
    <Interest>21.5</Interest>
  </GLPInterest>
  <GLPInterest>
    <Interest>22</Interest>
  </GLPInterest>
  <GLPInterest>
    <Interest>22.5</Interest>
  </GLPInterest>
  <GLPInterest>
    <Interest>23</Interest>
  </GLPInterest>
  <GLPInterest>
    <Interest>23.5</Interest>
  </GLPInterest>
  <GLPInterest>
    <Interest>24</Interest>
  </GLPInterest>
</GLPInterests>
