﻿<?xml version="1.0" encoding="utf-8" ?>
<IBSMESLRInterests>
  <IBSMESLRInterest>
    <Interest>13</Interest>
  </IBSMESLRInterest>
  <IBSMESLRInterest>
    <Interest>13.5</Interest>
  </IBSMESLRInterest>
  <IBSMESLRInterest>
    <Interest>14</Interest>
  </IBSMESLRInterest>
  <IBSMESLRInterest>
    <Interest>14.5</Interest>
  </IBSMESLRInterest>
  <IBSMESLRInterest>
    <Interest>15</Interest>
  </IBSMESLRInterest>
  <IBSMESLRInterest>
    <Interest>15.5</Interest>
  </IBSMESLRInterest>
  <IBSMESLRInterest>
    <Interest>16</Interest>
  </IBSMESLRInterest>
  <IBSMESLRInterest>
    <Interest>16.5</Interest>
  </IBSMESLRInterest>
  <IBSMESLRInterest>
    <Interest>17</Interest>
  </IBSMESLRInterest>
  <IBSMESLRInterest>
    <Interest>17.5</Interest>
  </IBSMESLRInterest>
  <IBSMESLRInterest>
    <Interest>18</Interest>
  </IBSMESLRInterest>
  <IBSMESLRInterest>
    <Interest>18.5</Interest>
  </IBSMESLRInterest>
  <IBSMESLRInterest>
    <Interest>19</Interest>
  </IBSMESLRInterest>
  <IBSMESLRInterest>
    <Interest>19.5</Interest>
  </IBSMESLRInterest>
  <IBSMESLRInterest>
    <Interest>20</Interest>
  </IBSMESLRInterest>
  <IBSMESLRInterest>
    <Interest>20.5</Interest>
  </IBSMESLRInterest>
  <IBSMESLRInterest>
    <Interest>21</Interest>
  </IBSMESLRInterest>
  <IBSMESLRInterest>
    <Interest>21.5</Interest>
  </IBSMESLRInterest>
  <IBSMESLRInterest>
    <Interest>22</Interest>
  </IBSMESLRInterest>
  <IBSMESLRInterest>
    <Interest>22.5</Interest>
  </IBSMESLRInterest>
  <IBSMESLRInterest>
    <Interest>23</Interest>
  </IBSMESLRInterest>
  <IBSMESLRInterest>
    <Interest>23.5</Interest>
  </IBSMESLRInterest>
  <IBSMESLRInterest>
    <Interest>24</Interest>
  </IBSMESLRInterest>
</IBSMESLRInterests>
