﻿<?xml version="1.0" encoding="utf-8" ?>
<GLPTenors>

  <GLPTenor>
    <Tenor>3</Tenor>
  </GLPTenor>
  <GLPTenor>
    <Tenor>4</Tenor>
  </GLPTenor>
  <GLPTenor>
    <Tenor>5</Tenor>
  </GLPTenor>
  <GLPTenor>
    <Tenor>6</Tenor>
  </GLPTenor>
  <GLPTenor>
    <Tenor>7</Tenor>
  </GLPTenor>
  <GLPTenor>
    <Tenor>8</Tenor>
  </GLPTenor>
  <GLPTenor>
    <Tenor>9</Tenor>
  </GLPTenor>
  <GLPTenor>
    <Tenor>10</Tenor>
  </GLPTenor>
 <GLPTenor>
    <Tenor>11</Tenor>
  </GLPTenor>
 <GLPTenor>
    <Tenor>12</Tenor>
  </GLPTenor>
 <GLPTenor>
    <Tenor>13</Tenor>
  </GLPTenor>
 <GLPTenor>
    <Tenor>14</Tenor>
  </GLPTenor>
 <GLPTenor>
    <Tenor>15</Tenor>
  </GLPTenor>
</GLPTenors>
