﻿<?xml version="1.0" encoding="utf-8" ?>
<LapIntrests>
  <LapIntrest>
    <Intrest>24</Intrest>   
  </LapIntrest>
   <LapIntrest>
    <Intrest>23</Intrest>
  </LapIntrest>
  <LapIntrest>
    <Intrest>22</Intrest>
  </LapIntrest>
  <LapIntrest>
    <Intrest>21</Intrest>
  </LapIntrest>
      <LapIntrest>
    <Intrest>20</Intrest>
  </LapIntrest>
      <LapIntrest>
    <Intrest>19</Intrest>
  </LapIntrest>
      <LapIntrest>
    <Intrest>18</Intrest>
  </LapIntrest>
      <LapIntrest>
    <Intrest>17</Intrest>
  </LapIntrest>
      <LapIntrest>
    <Intrest>16</Intrest>
  </LapIntrest>
    <LapIntrest>
    <Intrest>15</Intrest>
  </LapIntrest>
  <LapIntrest>
    <Intrest>14</Intrest>
  </LapIntrest>
      <LapIntrest>
    <Intrest>13</Intrest>
  </LapIntrest>
    <LapIntrest>
    <Intrest>12</Intrest>
  </LapIntrest>
  <!--<LapIntrest>
    <Intrest>16.5</Intrest>
  </LapIntrest>-->
</LapIntrests>