﻿<?xml version="1.0" encoding="utf-8" ?>
<LSTIntrests>
  <LSTIntrest>
    <Intrest>12</Intrest>
  </LSTIntrest>
  <LSTIntrest>
    <Intrest>13</Intrest>
  </LSTIntrest>
  <LSTIntrest>
    <Intrest>14</Intrest>
  </LSTIntrest>
  <LSTIntrest>
    <Intrest>15</Intrest>
  </LSTIntrest>
  <LSTIntrest>
    <Intrest>16</Intrest>
  </LSTIntrest>
  <LSTIntrest>
    <Intrest>17</Intrest>
  </LSTIntrest>
  <LSTIntrest>
    <Intrest>18</Intrest>   
  </LSTIntrest>
  <LSTIntrest>
    <Intrest>19</Intrest>
  </LSTIntrest>
  <LSTIntrest>
    <Intrest>20</Intrest>
  </LSTIntrest>
  <LSTIntrest>
    <Intrest>21</Intrest>
  </LSTIntrest>
  <LSTIntrest>
    <Intrest>22</Intrest>
  </LSTIntrest>
  <LSTIntrest>
    <Intrest>23</Intrest>
  </LSTIntrest>
  <LSTIntrest>
    <Intrest>24</Intrest>
  </LSTIntrest>
</LSTIntrests>