﻿<?xml version="1.0" encoding="utf-8" ?>
<MFHFIntrests>
  <MFHFIntrest>
    <Intrest>12</Intrest>
  </MFHFIntrest>
   <MFHFIntrest>
    <Intrest>13</Intrest>
  </MFHFIntrest>
  <MFHFIntrest>
    <Intrest>14</Intrest>
  </MFHFIntrest>
  <MFHFIntrest>
    <Intrest>14.5</Intrest>
  </MFHFIntrest>
  <MFHFIntrest>
    <Intrest>15</Intrest>
  </MFHFIntrest>
  <!--<MFHFIntrest>
    <Intrest>22</Intrest>
  </MFHFIntrest>
  <MFHFIntrest>
    <Intrest>24</Intrest>
  </MFHFIntrest>-->
</MFHFIntrests>