﻿<?xml version="1.0" encoding="utf-8" ?>
<TWLIntrests>
  <!--<TWLIntrest>
    <Intrest>9.30</Intrest>
  </TWLIntrest>
  <TWLIntrest>
    <Intrest>10.40</Intrest>
  </TWLIntrest>
  <TWLIntrest>
    <Intrest>11.10</Intrest>
  </TWLIntrest>
  <TWLIntrest>
    <Intrest>11.6</Intrest>
  </TWLIntrest>
  <TWLIntrest>
    <Intrest>11.96</Intrest>
  </TWLIntrest>
  <TWLIntrest>
    <Intrest>11.25</Intrest>
  </TWLIntrest>
  <TWLIntrest>
    <Intrest>11.8</Intrest>
  </TWLIntrest>
  <TWLIntrest>
    <Intrest>12.20</Intrest>
  </TWLIntrest>
  <TWLIntrest>
    <Intrest>12.55</Intrest>
  </TWLIntrest>
  
  <TWLIntrest>
    <Intrest>12.85</Intrest>
  </TWLIntrest>
  <TWLIntrest>
    <Intrest>13.45</Intrest>
  </TWLIntrest>
  <TWLIntrest>
    <Intrest>13.60</Intrest>
  </TWLIntrest>
  <TWLIntrest>
    <Intrest>13.75</Intrest>
  </TWLIntrest>-->
  <TWLIntrest>
    <Intrest>24.00</Intrest>
  </TWLIntrest>
</TWLIntrests>